<?xml version="1.0" encoding="UTF-8"?>
<metadata xml:lang="en"><Esri><CreaDate>20160619</CreaDate><CreaTime>20472700</CreaTime><ArcGISFormat>1.0</ArcGISFormat><SyncOnce>TRUE</SyncOnce><DataProperties><lineage><Process ToolSource="c:\program files (x86)\arcgis\desktop10.4\ArcToolbox\Toolboxes\Spatial Analyst Tools.tbx\RasterCalculator" Date="20160619" Time="204727">RasterCalculator Con(IsNull("distance.tif"), 0, 1) C:\Python34\Scripts\geopython\data\waterpoints\pointdistance\distance_mask.tif</Process></lineage></DataProperties></Esri></metadata>
