<?xml version="1.0" encoding="UTF-8"?>
<metadata xml:lang="en"><Esri><CreaDate>20160619</CreaDate><CreaTime>20414100</CreaTime><ArcGISFormat>1.0</ArcGISFormat><SyncOnce>TRUE</SyncOnce><DataProperties><lineage><Process ToolSource="c:\program files (x86)\arcgis\desktop10.4\ArcToolbox\Toolboxes\Spatial Analyst Tools.tbx\EucDistance" Date="20160619" Time="204141">EucDistance C:\Python34\Scripts\geopython\data\waterpoints\Waterpoints.shp C:\Python34\Scripts\geopython\data\waterpoints\pointdistance\distance.tif 12000 337.113713650137 #</Process></lineage></DataProperties></Esri></metadata>
